ID,Title,DueDate,Completed
1,"last call","2022-07-26T00:52:44.431Z",false
2,"second call","2022-07-26T00:52:44.431Z",true
3,"third call","2022-07-26T00:52:44.431Z",false
4,"fourth call","2022-07-26T00:52:44.431Z",true
5,"fifth call","2022-07-26T00:52:44.431Z",false
6,"sixt call","2022-07-26T00:52:44.431Z",false
7,"seventh call","2022-07-2600:52:44.431Z",false
8,"eighth call","2022-07-2600:55:44.431Z",true
9,"9th call","2022-07-26T00:52:44.431Z",false
10,"thats 10","2022-07-26T00:52:44.431Z",false